Пункт;% (Без опыта);% (1–3 года);% (3–6 лет);% (6+ лет);% (Все);Влияние на ЗП, %;t-стат.;Вакансий с ЗП
Официальное оформление / ТК РФ;44;72;70;64;69;7;2.4;495
«Белая» зарплата;15;17;18;12;17;3;1.0;122
ДМС;22;21;32;47;30;10;3.0;143
Удалённая работа;26;25;30;32;28;-4;-1.3;189
Гибрид;17;13;23;33;21;2;0.6;131
Гибкий график;9;7;8;10;8;0;0.1;44
Обучение / сертификация за счёт компании;17;11;12;17;12;6;1.4;68
Премии / бонусы;20;20;20;20;20;7;2.0;131
Пересмотр / индексация зарплаты;4;3;3;3;3;0;-0.0;19
Аккредитованная ИТ-компания;15;11;12;20;12;-4;-0.8;58
Техника (ноутбук, мониторы);7;7;7;7;7;-1;-0.2;53
Питание / компенсация питания;26;21;17;23;19;8;2.4;131
Спорт / фитнес;22;23;26;26;24;8;2.5;144
Корпоративы / мероприятия;9;10;11;11;10;8;1.8;73
Карьерный рост;31;26;23;24;24;3;0.9;191
Испытательный срок указан;17;12;18;15;16;2;0.7;118
Стабильность / крупная компания;19;33;31;28;31;9;3.2;238
