Группа;Требование;Вывод;Обязательно, % (Без опыта);Обязательно, % (1–3 года);Обязательно, % (3–6 лет);Обязательно, % (6+ лет);Обязательно, % (Все);Будет плюсом, % (Без опыта);Будет плюсом, % (1–3 года);Будет плюсом, % (3–6 лет);Будет плюсом, % (6+ лет);Будет плюсом, % (Все);Упоминается всего, % (Без опыта);Упоминается всего, % (1–3 года);Упоминается всего, % (3–6 лет);Упоминается всего, % (6+ лет);Упоминается всего, % (Все);Влияние на ЗП, %;t-стат.;Вакансий с ЗП и требованием
;Вакансий в выборке;;54;523;758;163;1498;54;523;758;163;1498;54;523;758;163;1498
Конфигурации;1С:ERP / КА;База (must-have) + доплачивают;4;24;32;44;30;0;5;5;3;4;20;42;52;61;49;12;4.2;326
Конфигурации;1С:ЗУП;База (must-have) + доплачивают;6;20;26;27;23;0;4;4;4;4;28;38;46;44;42;8;2.9;298
Конфигурации;1С:Бухгалтерия;База (must-have);6;17;20;13;17;0;3;4;2;3;30;40;37;27;37;4;1.4;308
Конфигурации;1С:УТ;База (must-have);2;16;21;19;19;0;3;2;2;2;13;28;34;30;31;5;1.7;249
Конфигурации;1С:Документооборот;Важно;2;7;12;12;10;0;3;3;1;2;19;27;28;25;27;3;0.9;189
Конфигурации;1С:УХ (холдинг);Встречается, но не решает;0;4;9;23;8;0;2;2;1;2;6;8;13;26;13;9;1.6;49
Конфигурации;1С:УПП (legacy);Встречается, но не решает;0;7;6;3;6;0;1;2;1;1;7;14;16;6;14;2;0.6;117
Конфигурации;1С:УНФ;Редко / не важно;2;3;3;3;3;0;1;0;0;1;4;6;6;4;6;-9;-1.8;49
Конфигурации;1С:Розница;Редко / не важно;0;3;3;4;3;0;1;1;1;1;0;5;6;6;5;3;0.5;45
Конфигурации;WMS / склад;Повышает зарплату;0;1;3;3;2;2;1;2;2;2;2;6;9;11;8;15;3.0;62
Конфигурации;1С:CRM;Маркер более низкой зарплаты;0;2;1;2;1;0;2;1;0;1;2;8;8;4;7;-10;-2.1;51
Конфигурации;БГУ/ЗКГУ (госсектор);Редко / не важно;0;2;1;0;1;0;0;0;1;0;2;2;2;1;2;;;
Конфигурации;Нетиповые/самописные конфигурации;Встречается, но не решает;2;6;7;12;7;0;1;0;0;1;13;17;21;18;19;1;0.3;139
Ядро разработки;Язык запросов;База (must-have);9;21;21;14;20;0;1;1;0;1;11;26;25;15;24;0;0.0;163
Ядро разработки;СКД;База (must-have);13;31;33;25;31;0;1;2;0;2;13;36;41;27;37;2;0.6;245
Ядро разработки;Управляемые формы;База (must-have);4;22;25;16;22;0;1;1;1;1;6;27;28;19;26;4;1.3;183
Ядро разработки;Обычные формы;Редко / не важно;0;3;3;2;3;0;0;0;0;0;0;4;4;3;4;3;0.4;34
Ядро разработки;БСП;База (must-have);0;13;20;13;16;0;2;2;2;2;0;16;25;17;20;2;0.7;124
Ядро разработки;Расширения конфигурации;Важно;4;15;15;11;14;2;2;2;1;2;11;24;27;23;25;1;0.5;172
Ядро разработки;Механизмы платформы / метаданные;Важно;4;6;10;9;8;0;0;1;0;0;9;9;14;10;12;-3;-0.8;68
Ядро разработки;Клиент-серверная архитектура;Повышает зарплату;2;8;12;9;10;0;1;0;1;0;2;10;14;9;11;8;2.0;83
Ядро разработки;Стандарты разработки 1С;Важно;0;7;10;15;9;0;0;1;1;1;4;10;16;20;14;5;1.3;86
Ядро разработки;Разбираться в чужом коде;Важно;7;14;15;13;14;0;0;1;0;1;9;17;19;15;17;-6;-1.8;136
Ядро разработки;Производительность / ТЖ / блокировки;Повышает зарплату;4;9;13;18;12;0;3;4;4;4;11;21;34;37;29;9;3.1;197
Ядро разработки;Обновление типовых конфигураций;Встречается, но не решает;2;5;5;6;5;0;1;0;1;0;26;26;25;20;25;-2;-0.8;194
Ядро разработки;Права доступа / RLS;Встречается, но не решает;0;2;5;3;3;0;1;1;0;0;0;8;10;5;8;1;0.1;52
Ядро разработки;Фоновые / регламентные задания;Редко / не важно;2;1;3;4;2;0;0;0;1;0;2;2;6;5;4;1;0.2;31
Интеграции;Обмены (КД / EnterpriseData);База (must-have);4;23;34;31;29;2;4;4;2;4;24;49;59;50;53;1;0.5;395
Интеграции;HTTP / REST API;База (must-have);9;18;32;33;27;6;3;3;2;3;19;29;45;40;38;6;2.1;260
Интеграции;SOAP / web-сервисы;База (must-have);7;9;20;20;16;2;1;2;2;2;11;15;28;25;23;6;1.7;124
Интеграции;JSON / XML;Важно;4;11;14;12;12;2;2;1;2;1;6;16;20;18;18;2;0.4;123
Интеграции;COM / OData;Редко / не важно;0;2;4;4;3;0;0;0;0;0;0;3;6;4;4;11;1.8;35
Интеграции;Kafka / RabbitMQ / шина;Повышает зарплату;0;2;4;5;3;0;0;2;6;2;0;3;7;14;6;25;3.5;31
Интеграции;Маркетплейсы;Редко / не важно;0;0;1;2;1;0;1;2;1;1;2;3;7;6;5;1;0.2;45
Интеграции;ЕГАИС / Честный знак / ЭДО;Желательно, не обязательно;0;2;6;3;4;2;2;5;6;4;6;11;18;18;15;2;0.7;125
Интеграции;Торговое оборудование;Редко / не важно;0;3;2;2;2;2;2;3;4;2;4;7;8;6;7;-8;-1.9;69
Интеграции;BI (1С:Аналитика, Power BI…);Редко / не важно;0;0;0;0;0;0;1;1;1;1;4;3;3;2;3;11;1.2;18
Интеграции;Сайт / Битрикс;Маркер более низкой зарплаты;2;4;3;4;4;0;1;2;1;1;6;9;8;8;8;-14;-3.3;62
Инструменты и инженерные практики;Хранилище конфигурации;Встречается, но не решает;4;6;5;6;5;0;1;1;0;1;4;8;8;7;8;11;1.9;41
Инструменты и инженерные практики;Git;Встречается, но не решает;6;5;7;9;6;0;3;4;8;4;7;10;13;19;12;8;1.7;59
Инструменты и инженерные практики;EDT;Повышает зарплату;2;2;3;6;3;2;2;2;3;2;7;5;6;10;6;21;2.9;29
Инструменты и инженерные практики;Автотесты (Vanessa / ADD / YAxUnit);Редко / не важно;2;0;1;2;1;0;0;2;4;2;2;2;4;9;4;14;1.8;23
Инструменты и инженерные практики;CI/CD / DevOps;Повышает зарплату;2;0;2;6;2;0;2;2;5;2;2;3;5;15;5;21;2.7;23
Инструменты и инженерные практики;Code review / АПК / SonarQube;Повышает зарплату;2;1;4;8;3;0;1;2;2;1;4;5;13;19;10;30;5.2;47
Инструменты и инженерные практики;Jira / таск-трекер;Редко / не важно;2;1;3;5;2;0;0;1;2;1;4;6;6;13;7;-8;-1.5;42
Инструменты и инженерные практики;СУБД (MS SQL / PostgreSQL);Важно;4;13;15;20;15;4;5;8;5;6;17;24;30;31;28;1;0.2;170
Инструменты и инженерные практики;Администрирование сервера 1С;Встречается, но не решает;0;4;5;8;5;0;1;2;2;2;2;9;11;13;10;2;0.6;74
Инструменты и инженерные практики;Другой язык (Python / JS / C#);Маркер более низкой зарплаты;0;2;1;1;2;4;1;1;1;1;6;5;3;3;4;-22;-3.4;23
Предметная область;Бухгалтерский / налоговый учёт;Встречается, но не решает;4;5;7;13;7;4;2;2;2;2;17;10;14;20;14;6;1.4;91
Предметная область;Управленческий учёт;Редко / не важно;6;2;4;4;3;0;1;1;2;1;6;5;8;11;7;-3;-0.6;53
Предметная область;Кадровый учёт / расчёт зарплаты;Редко / не важно;0;3;4;9;4;0;0;1;1;0;2;4;6;11;6;11;1.8;34
Предметная область;Складской / торговый учёт;Редко / не важно;0;1;3;2;2;0;2;1;1;1;4;4;7;6;6;7;1.2;42
Предметная область;Производственный учёт;Повышает зарплату;2;3;2;3;2;0;1;1;1;1;2;5;5;6;5;20;2.9;31
Предметная область;Понимание бизнес-процессов;Встречается, но не решает;2;6;9;18;9;2;1;2;1;1;11;29;30;36;30;-3;-1.2;219
Проектный опыт;Опыт проектов внедрения;Повышает зарплату;0;3;7;16;6;2;2;1;2;2;15;9;16;26;15;11;2.5;77
Проектный опыт;Опыт во франчайзи;Редко / не важно;0;1;2;1;1;0;0;1;2;1;4;3;4;3;3;-11;-1.7;23
Проектный опыт;Разработка с нуля / новых подсистем;Встречается, но не решает;4;4;4;6;4;0;1;1;1;1;30;25;24;20;24;-4;-1.3;183
Проектный опыт;Миграция / переход (УПП→ERP и др.);Встречается, но не решает;0;2;3;6;3;2;1;1;3;1;7;8;13;18;12;4;0.9;83
ТЗ и документация;Постановка / чтение ТЗ;Повышает зарплату;6;7;10;10;9;0;0;0;1;0;17;28;32;34;30;9;3.0;217
ТЗ и документация;Сбор и анализ требований;Встречается, но не решает;0;1;2;4;1;0;0;0;1;0;0;4;10;13;8;2;0.4;52
ТЗ и документация;Техническая документация / инструкции;Повышает зарплату;0;5;8;10;7;0;2;1;3;1;7;28;35;39;32;9;3.2;204
ТЗ и документация;Оценка трудозатрат;Повышает зарплату;2;1;3;5;2;0;0;0;0;0;6;5;10;13;8;13;2.5;51
Сертификаты, образование, язык;1С:Специалист (платформа);Желательно, не обязательно;0;2;6;9;5;4;9;11;11;10;6;12;18;20;15;3;0.8;97
Сертификаты, образование, язык;1С:Специалист-консультант;Редко / не важно;0;0;1;2;1;0;2;2;3;2;0;2;4;6;3;18;1.8;15
Сертификаты, образование, язык;1С:Профессионал;Желательно, не обязательно;0;0;1;1;1;2;5;4;2;4;6;6;6;3;5;3;0.5;36
Сертификаты, образование, язык;1С:Эксперт по тех. вопросам;Редко / не важно;0;0;0;1;0;0;1;2;6;2;2;1;2;7;2;;;
Сертификаты, образование, язык;Любой сертификат 1С;Желательно, не обязательно;9;7;9;14;9;6;18;18;23;18;20;26;28;37;28;-1;-0.5;188
Сертификаты, образование, язык;Высшее образование (любое);База (must-have) + доплачивают;11;19;22;19;20;2;2;2;2;2;15;22;25;21;23;9;2.8;150
Сертификаты, образование, язык;Высшее техническое / ИТ;Встречается, но не решает;17;8;9;9;9;2;1;2;1;1;19;10;11;10;11;-1;-0.3;92
Сертификаты, образование, язык;Английский;Редко / не важно;0;0;1;1;0;4;1;1;1;1;4;1;2;4;2;;;
Soft skills;Самостоятельность;Маркер более низкой зарплаты;11;15;16;13;15;2;1;1;0;1;15;19;20;17;19;-8;-2.6;153
Soft skills;Ответственность;База (must-have);9;20;13;17;16;0;1;1;1;1;11;24;18;21;20;-4;-1.2;164
Soft skills;Аналитическое / системное мышление;Встречается, но не решает;19;7;5;7;6;0;0;0;0;0;28;16;12;12;14;-4;-1.3;113
Soft skills;Коммуникабельность / общение с бизнесом;Важно;7;9;10;13;10;0;1;2;1;1;13;14;18;22;17;-2;-0.6;119
Soft skills;Командная работа;Важно;11;10;11;12;11;0;0;0;0;0;13;14;15;15;14;3;0.7;109
Soft skills;Обучаемость / желание развиваться;Маркер более низкой зарплаты;13;8;3;1;5;2;0;1;0;0;24;8;4;1;6;-18;-4.4;62
Soft skills;Внимательность / аккуратность;Важно;9;10;6;7;7;0;0;0;1;0;9;12;8;8;9;-3;-0.7;77
Soft skills;Инициативность / проактивность;Редко / не важно;0;2;3;6;3;2;0;0;0;0;2;3;4;6;4;10;1.6;33
Soft skills;Стрессоустойчивость;Редко / не важно;6;2;2;1;2;0;1;0;1;0;6;3;2;2;3;2;0.4;31
Soft skills;Многозадачность;Редко / не важно;6;2;3;2;2;0;0;0;0;0;9;3;4;2;4;-4;-0.6;30
Лидерство и архитектура;Проектирование / архитектура решений;Повышает зарплату;2;4;18;30;14;0;1;2;4;2;6;19;35;55;31;15;4.7;173
Лидерство и архитектура;Наставничество / руководство командой;Повышает зарплату;0;1;4;10;4;0;0;0;0;0;2;3;7;17;6;36;4.5;25
Лидерство и архитектура;Постановка задач другим разработчикам;Редко / не важно;0;0;2;4;1;0;0;0;0;0;0;4;6;11;5;13;1.8;27
